Datum;Sp. A1;Sp. A2;Sp. B1;Sp. B2;Tore A;Tore B
11.07.2023;Jacques;Marcus;Lena;Rafael;6;3
11.07.2023;Jacques;Rafael;Marcus;Lena;6;3
11.07.2023;Jacques;Lena;Rafael;Marcus;0;6
11.07.2023;Rafael;Marcus;Simon;Lena;6;3
11.07.2023;Lena;Marcus;Rafael;Simon;6;5
11.07.2023;Rafael;Lena;Simon;Jacques;6;1
11.07.2023;Rafael;Lena;Marcus;Jacques;2;6
12.07.2023;Philipp;Lena;Severin;Jacques;6;5
12.07.2023;Severin;Lena;Philipp;Simon;2;6
12.07.2023;Rafael;Jacques;Simon;Lena;6;1
12.07.2023;Philipp;FGW;Severin;Simon;6;3
12.07.2023;Jacques;Lena;Severin;Rafael;3;6
12.07.2023;Severin;Lena;Rafael;Jacques;6;5
12.07.2023;Severin;Jacques;Rafael;Lena;6;5
12.07.2023;Rafael;Lena;Philipp;Marcus;1;6
12.07.2023;Marcus;Lena;Philipp;Rafael;6;4
12.07.2023;Rafael;Marcus;Jacques;Lena;6;2
12.07.2023;Simon;Jacques;Rafael;Lena;4;6
13.07.2023;Rafael;Jacques;Philipp;Lena;4;6
13.07.2023;Philipp;Jacques;Rafael;Lena;6;4
13.07.2023;Philipp;Rafael;Jacques;Lena;6;2
13.07.2023;Rafael;Simon;Jacques;Lena;6;1
13.07.2023;Jacques;Rafael;Simon;Lena;4;6
13.07.2023;Simon;Jacques;Rafael;Lena;6;3
14.07.2023;Philipp;FGW;Lena;Simon;6;1
14.07.2023;Philipp;Lena;FGW;Simon;3;6
14.07.2023;Philipp;Simon;FGW;Lena;6;5
17.07.2023;Rafael;Lena;Jacques;FGW;6;2
17.07.2023;FGW;Lena;Rafael;Jacques;6;2
17.07.2023;Jacques;Lena;Rafael;FGW;1;6
17.07.2023;Rafael;Lena;FGW;Jacques;2;6
17.07.2023;Rafael;Jacques;Marcus;Lena;6;2
17.07.2023;Philipp;Jacques;Simon;FGW;2;6
17.07.2023;Lena;Jacques;Philipp;Paul1;0;6
17.07.2023;Jacques;FGW;Rafael;Lena;6;3
17.07.2023;Lena;Paul1;Jacques;Rafael;6;5
17.07.2023;FGW;Lena;Philipp;Paul1;2;6
17.07.2023;Jacques;Paul1;Rafael;Lena;2;6
17.07.2023;Rafael;Rafael;Paul1;Paul1;3;6
17.07.2023;Rafael;Rafael;Lena;Lena;6;1
18.07.2023;Jacques;Paul1;Rafael;Lena;6;4
18.07.2023;Jacques;Paul1;Rafael;FGW;0;6
18.07.2023;Paul1;Lena;FGW;Jacques;2;6
18.07.2023;Rafael;Lena;FGW;Paul1;2;6
18.07.2023;Rafael;Jacques;Lena;Paul1;2;6
19.07.2023;Rafael;Lena;FGW;Jacques;4;6
19.07.2023;Jacques;Rafael;FGW;Lena;4;6
19.07.2023;Rafael;Lena;Jacques;FGW;2;6
19.07.2023;Jacques;Lena;FGW;Rafael;2;6
20.07.2023;Jacques;Rafael;Paul1;Lena;2;6
20.07.2023;Jacques;Paul1;Rafael;Lena;6;5
20.07.2023;Paul1;Rafael;Lena;Jacques;6;1
20.07.2023;Jacques;Paul1;Lena;Rafael;6;2
20.07.2023;Paul1;Paul1;Rafael;Lena;6;5
20.07.2023;Rafael;Jacques;Lena;Paul1;6;4
20.07.2023;Paul1;Paul1;Severin;Severin;6;3
20.07.2023;Jacques;FGW;Paul1;Lena;5;6
20.07.2023;Paul1;Jacques;FGW;Lena;6;5
21.07.2023;Jacques;Marcus;Rafael;Lena;2;6
21.07.2023;Lena;Marcus;Rafael;Jacques;5;6
21.07.2023;Rafael;Marcus;Lena;Jacques;6;3
21.07.2023;Rafael;Rafael;Marcus;Marcus;5;6
24.07.2023;Rafael;Rafael;Severin;Jacques;1;6
24.07.2023;Severin;Rafael;Jacques;Jacques;6;3
24.07.2023;Severin;Severin;Rafael;Jacques;2;6
24.07.2023;Rafael;Severin;Jacques;Jacques;6;0
24.07.2023;Severin;Severin;Rafael;Rafael;6;1
24.07.2023;Simon;Rafael;Philipp;Severin;6;5
24.07.2023;Philipp;Rafael;Severin;Simon;6;2
24.07.2023;Severin;Rafael;Simon;Philipp;6;3
24.07.2023;Severin;Rafael;Philipp;Jacques;6;2
24.07.2023;Philipp;Severin;Jacques;Rafael;3;6
24.07.2023;Severin;Jacques;Philipp;Rafael;6;2
24.07.2023;Jacques;Jacques;Severin;Severin;1;6
25.07.2023;Severin;Rafael;Philipp;Jacques;6;2
25.07.2023;Philipp;Severin;Jacques;Rafael;3;6
25.07.2023;Severin;Jacques;Philipp;Rafael;6;2
25.07.2023;Severin;Rafael;Philipp;Jacques;6;3
25.07.2023;Severin;Philipp;Jacques;Rafael;6;2
25.07.2023;Philipp;Rafael;Severin;Jacques;6;1
25.07.2023;Severin;Philipp;Jacques;Marcus;4;6
25.07.2023;Rafael;Jacques;Severin;Marcus;1;6
25.07.2023;Severin;Jacques;Rafael;Marcus;4;6
25.07.2023;Philipp;Jacques;Severin;Rafael;4;3
25.07.2023;Severin;Simon;Jacques;Marcus;6;3
26.07.2023;Severin;Rafael;Jacques;Paul1;6;0
26.07.2023;Paul1;Rafael;Marcus;Jacques;6;3
26.07.2023;Philipp;Marcus;Severin;Paul1;6;3
26.07.2023;Rafael;Marcus;Philipp;Jacques;6;2
26.07.2023;Severin;Paul1;Rafael;Marcus;4;6
26.07.2023;Paul1;Paul1;Severin;Severin;4;6
26.07.2023;Severin;Severin;Paul1;Paul1;6;1
26.07.2023;Severin;Rafael;Paul1;Jacques;6;3
26.07.2023;Severin;Simon;Rafael;Paul1;4;6
26.07.2023;Severin;Paul1;Jacques;Marcus;6;1
26.07.2023;Philipp;Rafael;Marcus;Paul1;2;6
26.07.2023;Philipp;Paul1;Marcus;Lena;2;6
26.07.2023;Rafael;Lena;Philipp;Marcus;3;6
26.07.2023;Rafael;Paul1;Philipp;Lena;6;1
26.07.2023;Marcus;Severin;Paul1;Rafael;2;6
26.07.2023;Severin;Marcus;Paul1;Rafael;6;0
26.07.2023;Rafael;Paul1;Severin;Marcus;6;1
26.07.2023;Paul1;Paul1;Severin;Severin;6;4
27.07.2023;Severin;Marcus;Philipp;Rafael;6;4
27.07.2023;Marcus;Rafael;Severin;Philipp;4;6
27.07.2023;Philipp;Marcus;Severin;Rafael;6;3
27.07.2023;Jakob;Jakob;Severin;Severin;6;1
27.07.2023;Jakob;Jakob;Rafael;Rafael;6;1
27.07.2023;Severin;Severin;Jakob;Jakob;6;3
27.07.2023;Severin;Marcus;Rafael;Jakob;6;4
27.07.2023;Severin;Marcus;Jakob;Rafael;3;6
27.07.2023;Simon;Lena;Philipp;Paul1;1;6
27.07.2023;Paul1;Philipp;Marcus;Lena;6;3
27.07.2023;Philipp;Lena;Marcus;Rafael;3;6
27.07.2023;Paul1;Rafael;Lena;Marcus;6;2
27.07.2023;Severin;Rafael;Paul1;Lena;6;5
27.07.2023;Simon;Marcus;Paul1;FGW;6;1
27.07.2023;Marcus;Paul1;FGW;Simon;6;3
27.07.2023;Simon;Paul1;Marcus;FGW;2;6
27.07.2023;Rafael;Rafael;Severin;Severin;2;6
27.07.2023;Severin;Severin;Rafael;Rafael;6;5
28.07.2023;Rafael;Rafael;Severin;Severin;3;6
28.07.2023;Severin;Severin;Rafael;Rafael;5;6
28.07.2023;Severin;Jacques;Philipp;Rafael;6;4
28.07.2023;Severin;Paul1;Jakob;Moritz;1;6
28.07.2023;Severin;Jakob;Paul1;Moritz;6;4
28.07.2023;Severin;Severin;Paul1;Paul1;2;6
28.07.2023;Severin;Marcus;Paul1;Rafael;6;3
28.07.2023;Severin;FGW;Paul1;Marcus;3;6
28.07.2023;Rafael;FGW;Severin;Paul1;4;6
28.07.2023;Paul1;FGW;Severin;Rafael;6;4
28.07.2023;Rafael;Paul1;Severin;FGW;0;6
28.07.2023;Severin;Lena;Philipp;Paul1;6;2
28.07.2023;Jacques;Paul1;Philipp;Lena;2;6
28.07.2023;Philipp;Rafael;Marcus;FGW;1;6
28.07.2023;Philipp;Marcus;Rafael;FGW;6;0
31.07.2023;Marcus;Marcus;Severin;Severin;6;2
31.07.2023;Severin;Severin;Paul1;Paul1;5;6
31.07.2023;Severin;Rafael;Jacques;FGW;2;6
31.07.2023;Severin;Paul1;Marcus;FGW;2;6
31.07.2023;Jacques;Paul1;Severin;FGW;6;5
31.07.2023;Rafael;Jacques;Severin;Paul1;3;6
31.07.2023;Severin;Rafael;Jacques;Paul1;6;1
31.07.2023;Rafael;Paul1;Simon;FGW;6;4
31.07.2023;Rafael;Paul1;Severin;Simon;6;4
31.07.2023;Severin;Paul1;Rafael;Simon;6;2
31.07.2023;Severin;Rafael;Paul1;Simon;6;4
31.07.2023;Simon;Rafael;Severin;FGW;0;6
31.07.2023;Severin;Rafael;Philipp;FGW;6;5
01.08.2023;Marcus;Marcus;Severin;Severin;6;2
01.08.2023;Severin;Severin;Paul1;Paul1;6;5
01.08.2023;Severin;Paul1;Simon;Rafael;6;0
01.08.2023;Severin;Severin;Paul1;Paul1;3;6
01.08.2023;Marcus;Marcus;Paul1;Paul1;6;4
01.08.2023;Severin;Philipp;Jacques;Paul1;4;6
01.08.2023;Philipp;Paul1;Severin;Jacques;5;6
01.08.2023;Philipp;Lena;Jacques;Paul1;6;4
01.08.2023;Severin;Lena;Paul1;Marcus;4;6
01.08.2023;FGW;Lena;Severin;Paul1;3;6
01.08.2023;Severin;FGW;Paul1;Lena;6;2
01.08.2023;FGW;Paul1;Severin;Lena;6;0
02.08.2023;Severin;FGW;Marcus;Jacques;6;3
02.08.2023;FGW;Jacques;Philipp;Simon;6;0
02.08.2023;FGW;FGW;Philipp;Lena;6;3
02.08.2023;Philipp;FGW;Marcus;Jacques;6;1
02.08.2023;Philipp;Marcus;FGW;Jacques;6;4
03.08.2023;Severin;Jacques;Svenja;Simon;4;6
03.08.2023;Jacques;Simon;Severin;Svenja;3;6
03.08.2023;Svenja;Jacques;Severin;Simon;5;6
03.08.2023;FGW;Jacques;Simon;Camilla;6;5
03.08.2023;Simon;FGW;Jacques;Camilla;6;5
03.08.2023;FGW;Svenja;Simon;Camilla;6;1
03.08.2023;Svenja;Jacques;Camilla;Simon;3;6
03.08.2023;Severin;Severin;Philipp;Philipp;1;6
03.08.2023;Severin;Camilla;Philipp;Marcus;0;6
03.08.2023;Marcus;Severin;Selina;Simon;6;4
03.08.2023;Camilla;Simon;Selina;Marcus;5;6
04.08.2023;Marcus;Lena;Philipp;Svenja;4;2
04.08.2023;Marcus;Lena;Philipp;Simon;6;5
04.08.2023;Simon;Marcus;Philipp;Lena;6;2
04.08.2023;Marcus;Philipp;Simon;Lena;6;1
04.08.2023;Marcus;Marcus;Svenja;Simon;6;5
04.08.2023;Simon;Simon;Svenja;Svenja;0;6
04.08.2023;Marcus;Marcus;Svenja;Svenja;5;6
04.08.2023;Marcus;Marcus;Simon;Simon;6;2
04.08.2023;Marcus;Simon;Svenja;Svenja;6;3
07.08.2023;Marcus;Simon;Svenja;FGW;6;2
07.08.2023;Svenja;Marcus;Simon;FGW;6;4
07.08.2023;Svenja;Simon;FGW;Marcus;3;6
07.08.2023;Rafael;Paul1;Marcus;Svenja;5;6
07.08.2023;Rafael;Paul1;FGW;Marcus;1;6
07.08.2023;Svenja;Rafael;Paul1;FGW;4;6
08.08.2023;Paul1;Marcus;Svenja;FGW;2;6
08.08.2023;Svenja;Marcus;FGW;Paul1;6;5
08.08.2023;Paul1;Rafael;Simon;FGW;5;6
08.08.2023;Rafael;FGW;Simon;Paul1;5;6
08.08.2023;FGW;Paul1;Rafael;Simon;6;1
08.08.2023;FGW;Rafael;Marcus;Jacques;6;4
08.08.2023;FGW;Jacques;Rafael;Marcus;5;6
09.08.2023;FGW;FGW;Jacques;Jacques;6;4
09.08.2023;Svenja;FGW;Rafael;Simon;6;4
09.08.2023;FGW;Jacques;Svenja;Simon;6;2
09.08.2023;Jacques;Svenja;FGW;Simon;3;6
09.08.2023;Rafael;Simon;FGW;Jacques;6;5
09.08.2023;Rafael;Jacques;FGW;FGW;3;6
10.08.2023;Rafael;Jacques;Marcus;Marcus;6;1
10.08.2023;Marcus;Marcus;Rafael;Jacques;4;6
10.08.2023;Simon;Rafael;Marcus;Jacques;6;3
10.08.2023;Simon;Marcus;Rafael;Jacques;6;4
10.08.2023;Marcus;Rafael;Simon;Jacques;6;1
10.08.2023;Simon;Marcus;FGW;Jacques;4;6
10.08.2023;Rafael;Jacques;Simon;FGW;2;6
10.08.2023;FGW;Rafael;Simon;Jacques;6;2
10.08.2023;Rafael;FGW;Jacques;Marcus;6;3
10.08.2023;Rafael;Rafael;Marcus;Marcus;3;6
10.08.2023;Marcus;Marcus;Rafael;Rafael;6;3
10.08.2023;Rafael;Jacques;Marcus;Marcus;4;6
10.08.2023;Jacques;Rafael;Marcus;Simon;4;6
10.08.2023;Simon;Jacques;Rafael;Marcus;2;6
10.08.2023;FGW;Marcus;Camilla;Simon;6;1
10.08.2023;FGW;Simon;Camilla;Marcus;5;6
10.08.2023;FGW;Camilla;Simon;Rafael;6;5
10.08.2023;Rafael;Rafael;Marcus;Marcus;4;6
14.08.2023;Rafael;FGW;Marcus;Simon;6;1
14.08.2023;Rafael;Marcus;Simon;FGW;6;4
14.08.2023;Rafael;Simon;FGW;Marcus;2;6
14.08.2023;Simon;Marcus;Rafael;FGW;6;2
14.08.2023;FGW;Simon;Marcus;Rafael;5;6
14.08.2023;Marcus;FGW;Simon;Rafael;6;3
14.08.2023;Simon;Rafael;Svenja;FGW;4;6
14.08.2023;Simon;Svenja;Rafael;FGW;2;6
14.08.2023;Svenja;Rafael;FGW;Simon;2;6
15.08.2023;FGW;Rafael;Paul1;Svenja;2;6
15.08.2023;Rafael;FGW;Marcus;Paul1;5;6
15.08.2023;Svenja;Marcus;Paul1;FGW;1;6
15.08.2023;Svenja;FGW;Rafael;Marcus;6;2
15.08.2023;Svenja;Rafael;Paul1;FGW;3;6
15.08.2023;Simon;Marcus;Paul1;Jacques;6;4
15.08.2023;Paul1;Paul1;Rafael;Rafael;6;3
15.08.2023;Simon;Rafael;FGW;Jacques;2;6
16.08.2023;Piotr;FGW;Jacques;Paul1;2;6
16.08.2023;Rafael;Piotr;FGW;Paul1;4;6
16.08.2023;Rafael;Paul1;Svenja;Jacques;6;5
16.08.2023;Svenja;Rafael;Paul1;Jacques;6;1
16.08.2023;Jacques;Simon;Rafael;Marcus;6;4
16.08.2023;Simon;Rafael;FGW;Piotr;6;2
16.08.2023;Simon;Rafael;Jacques;Marcus;6;5
16.08.2023;Simon;Svenja;FGW;Marcus;1;6
16.08.2023;Simon;Rafael;FGW;Svenja;4;6
16.08.2023;Marcus;Simon;Svenja;Rafael;6;3
16.08.2023;Marcus;Svenja;Jacques;Simon;6;0
16.08.2023;Marcus;Rafael;Svenja;FGW;5;6
16.08.2023;Simon;Simon;FGW;FGW;0;4
16.08.2023;Simon;Rafael;FGW;FGW;6;3
16.08.2023;Rafael;Rafael;Marcus;Marcus;2;6
16.08.2023;Rafael;Simon;Marcus;Svenja;6;3
16.08.2023;Rafael;Svenja;Simon;Marcus;1;6
17.08.2023;Simon;Rafael;Jacques;Svenja;3;6
17.08.2023;Jacques;Rafael;Svenja;Simon;6;5
17.08.2023;Rafael;Svenja;Jacques;Simon;6;1
17.08.2023;Rafael;Svenja;Simon;FGW;6;1
17.08.2023;Rafael;Simon;FGW;Svenja;3;6
17.08.2023;Simon;Svenja;Rafael;FGW;0;6
17.08.2023;Simon;Rafael;Jacques;Svenja;6;4
17.08.2023;Rafael;Rafael;Jacques;Jacques;6;2
18.08.2023;Svenja;Rafael;Simon;Jacques;6;4
18.08.2023;Simon;Patrick;Clemens;Rafael;6;3
18.08.2023;Simon;Clemens;Patrick;Svenja;6;4
21.08.2023;Marcus;Svenja;Jacques;Rafael;6;1
21.08.2023;Marcus;Jacques;Rafael;Svenja;4;6
21.08.2023;Svenja;Jacques;Rafael;Marcus;2;6
21.08.2023;Marcus;Svenja;Rafael;FGW;5;6
21.08.2023;Marcus;Rafael;Svenja;FGW;5;6
21.08.2023;Marcus;FGW;Rafael;Svenja;6;2
21.08.2023;Marcus;Marcus;FGW;FGW;5;6
22.08.2023;Philipp;Jacques;Svenja;Simon;6;1
22.08.2023;Philipp;Rafael;Svenja;FGW;4;6
22.08.2023;Philipp;Svenja;Rafael;FGW;4;6
22.08.2023;Rafael;Svenja;FGW;Philipp;5;6
22.08.2023;Rafael;FGW;Simon;Jacques;6;2
22.08.2023;Simon;Rafael;FGW;Jacques;2;6
22.08.2023;Simon;FGW;Rafael;Jacques;6;1
22.08.2023;Simon;Simon;FGW;FGW;3;6
22.08.2023;Simon;Simon;Marcus;Marcus;2;6
23.08.2023;Simon;Rafael;Philipp;Svenja;4;6
23.08.2023;Rafael;Philipp;Simon;Svenja;4;6
23.08.2023;Svenja;Rafael;Simon;Philipp;6;4
23.08.2023;Rafael;Simon;FGW;Jacques;4;6
23.08.2023;Rafael;Jacques;Simon;FGW;2;6
23.08.2023;Jacques;Simon;FGW;Rafael;3;6
23.08.2023;Jacques;Rafael;Philipp;FGW;4;6
23.08.2023;Philipp;Rafael;FGW;Jacques;6;4
24.08.2023;Simon;Jacques;Svenja;Marcus;2;6
24.08.2023;Marcus;Simon;Svenja;Jacques;6;4
24.08.2023;Simon;Svenja;Marcus;Jacques;2;6
24.08.2023;Philipp;FGW;Simon;Jacques;6;2
24.08.2023;Philipp;Simon;Rafael;Jacques;6;4
24.08.2023;Philipp;FGW;Simon;Marcus;6;5
24.08.2023;Simon;Rafael;Marcus;FGW;6;4
24.08.2023;FGW;Marcus;Rafael;Simon;6;4
24.08.2023;Marcus;Rafael;Svenja;FGW;6;2
24.08.2023;Marcus;Svenja;FGW;Rafael;6;5
24.08.2023;Svenja;Rafael;Philipp;Simon;6;5
24.08.2023;Philipp;Svenja;Rafael;Simon;3;6
25.08.2023;Simon;Rafael;Svenja;Jacques;6;2
25.08.2023;Rafael;Jacques;Simon;Svenja;6;5
25.08.2023;Svenja;Rafael;Philipp;Simon;6;1
25.08.2023;Simon;Svenja;Philipp;Rafael;5;6
25.08.2023;Rafael;Simon;Philipp;Svenja;4;6
25.08.2023;Simon;Philipp;Svenja;Rafael;6;5
25.08.2023;Philipp;Rafael;Simon;Svenja;6;0
25.08.2023;Simon;Rafael;Philipp;Svenja;5;6
28.08.2023;FGW;Jacques;Severin;Simon;2;6
28.08.2023;Simon;FGW;Jacques;Simon;6;4
28.08.2023;Philipp;Simon;Severin;FGW;2;6
28.08.2023;Severin;Philipp;Simon;Svenja;2;6
28.08.2023;Philipp;Svenja;Severin;Simon;6;3
28.08.2023;Philipp;Simon;Severin;Svenja;6;4
28.08.2023;Severin;Philipp;Simon;Svenja;0;6
28.08.2023;Svenja;Simon;Severin;Jacques;6;3
28.08.2023;Simon;Simon;FGW;FGW;4;6
28.08.2023;Jacques;Svenja;Severin;FGW;6;4
28.08.2023;Severin;Severin;FGW;FGW;2;6
29.08.2023;Severin;Severin;Philipp;Philipp;6;5
30.08.2023;Severin;Severin;Jacques;Jacques;6;5
30.08.2023;Severin;Paul1;Jacques;Svenja;6;5
30.08.2023;Jacques;Paul1;Severin;Svenja;4;6
30.08.2023;FGW;Simon;Philipp;Paul1;6;5
30.08.2023;Severin;Severin;Paul1;Paul1;6;5
30.08.2023;Severin;Jacques;Simon;Paul1;3;6
30.08.2023;Severin;Paul1;Philipp;Simon;4;6
30.08.2023;Severin;Severin;Marcus;Marcus;3;6
30.08.2023;Severin;Jacques;Marcus;Svenja;6;5
30.08.2023;Svenja;Marcus;Severin;Jacques;6;4
30.08.2023;Marcus;Simon;Severin;Svenja;6;5
30.08.2023;Philipp;Severin;Simon;Svenja;2;6
30.08.2023;Severin;Simon;Philipp;FGW;6;3
31.08.2023;Marcus;Jacques;Simon;FGW;6;3
31.08.2023;Simon;Marcus;FGW;Jacques;6;4
31.08.2023;Svenja;FGW;Philipp;Simon;5;6
31.08.2023;Philipp;FGW;Simon;Svenja;6;4
31.08.2023;Philipp;Svenja;Severin;Simon;6;3
31.08.2023;Severin;Philipp;Svenja;Simon;6;4
31.08.2023;Simon;Philipp;Severin;Svenja;6;4
01.09.2023;Marcus;Marcus;Severin;Severin;6;3
01.09.2023;Philipp;Marcus;Severin;Jacques;6;0
01.09.2023;Severin;Svenja;Marcus;Jacques;3;6
01.09.2023;Marcus;Marcus;Simon;Simon;6;5
01.09.2023;Philipp;Simon;Severin;Marcus;3;6
01.09.2023;Marcus;Marcus;Severin;Severin;6;3
01.09.2023;Severin;Severin;Simon;Simon;6;4
01.09.2023;Philipp;Marcus;Severin;Simon;6;1
04.09.2023;Severin;Marcus;Simon;FGW;4;6
04.09.2023;Severin;FGW;Simon;Marcus;6;4
04.09.2023;FGW;Simon;Marcus;Severin;4;6
04.09.2023;Marcus;FGW;Severin;Simon;6;1
04.09.2023;Simon;Marcus;Severin;FGW;6;3
04.09.2023;Marcus;Tobias;Severin;Mimi;4;6
04.09.2023;Severin;Severin;Mimi;Mimi;4;6
05.09.2023;Severin;Severin;Marcus;Marcus;3;6
05.09.2023;Simon;Simon;Severin;Severin;6;4
05.09.2023;Philipp;Philipp;Severin;Severin;2;6
06.09.2023;Mimi;Mimi;Severin;Severin;2;6
06.09.2023;Philipp;FGW;Severin;Simon;6;2
06.09.2023;FGW;Severin;Philipp;Simon;6;3
06.09.2023;Severin;Philipp;FGW;Simon;6;0
06.09.2023;Severin;Philipp;FGW;Simon;6;4
06.09.2023;Simon;Philipp;Severin;FGW;2;6
07.09.2023;FGW;FGW;Severin;Severin;6;1
07.09.2023;Tobias;Simon;Severin;Marcus;0;6
07.09.2023;Severin;FGW;Marcus;Simon;6;2
07.09.2023;FGW;Marcus;Severin;Simon;6;2
07.09.2023;Severin;Marcus;FGW;Simon;6;2
07.09.2023;Philipp;FGW;Severin;Simon;6;4
07.09.2023;Philipp;Simon;FGW;Severin;6;1
07.09.2023;Severin;Marcus;FGW;Simon;6;4
07.09.2023;Marcus;Marcus;Severin;Severin;6;1
07.09.2023;Philipp;Simon;Marcus;Severin;6;4
07.09.2023;Severin;Simon;Marcus;Philipp;6;3
07.09.2023;Severin;Philipp;Marcus;Simon;6;4
07.09.2023;Marcus;Marcus;Simon;Simon;6;3
07.09.2023;Marcus;Marcus;Severin;Severin;4;6
11.09.2023;Svenja;FGW;Jacques;Rafael;6;5
11.09.2023;Rafael;FGW;Jacques;Svenja;6;2
11.09.2023;FGW;Jacques;Severin;Paul1;6;1
11.09.2023;Paul1;Jacques;Svenja;Rafael;3;6
11.09.2023;Paul1;FGW;Svenja;Rafael;6;2
11.09.2023;Philipp;FGW;Jacques;Paul1;6;1
11.09.2023;FGW;Jacques;Philipp;Paul1;6;3
11.09.2023;Severin;Simon;Paul1;FGW;6;3
11.09.2023;Simon;FGW;Severin;Paul1;6;2
11.09.2023;Severin;FGW;Paul1;Simon;6;1
12.09.2023;Svenja;Rafael;Severin;Simon;6;5
12.09.2023;Severin;Svenja;Simon;Rafael;6;2
12.09.2023;Svenja;Simon;Severin;Rafael;6;3
12.09.2023;Philipp;Rafael;Simon;FGW;6;3
12.09.2023;Simon;Rafael;Philipp;FGW;6;5
12.09.2023;Rafael;FGW;Simon;Philipp;6;0
12.09.2023;Philipp;Simon;Jacques;Marcus;6;4
13.09.2023;FGW;Jacques;Simon;Rafael;6;4
13.09.2023;Philipp;Simon;Paul1;FGW;2;6
13.09.2023;Paul1;Simon;Rafael;FGW;2;6
13.09.2023;Rafael;Paul1;Simon;FGW;6;5
13.09.2023;Philipp;Rafael;FGW;Paul1;1;6
13.09.2023;Philipp;FGW;Rafael;Paul1;4;6
13.09.2023;Rafael;FGW;Philipp;Paul1;6;2
13.09.2023;Simon;Marcus;Svenja;Paul1;6;5
13.09.2023;Marcus;Svenja;Simon;Rafael;6;5
13.09.2023;Marcus;Rafael;Svenja;Simon;6;5
13.09.2023;Svenja;Marcus;Simon;Rafael;6;2
14.09.2023;Svenja;FGW;Jacques;Simon;6;2
14.09.2023;Svenja;Rafael;FGW;Jacques;4;6
14.09.2023;Simon;Svenja;Rafael;FGW;2;6
14.09.2023;Simon;Rafael;FGW;Svenja;2;6
14.09.2023;Philipp;Simon;Rafael;FGW;3;6
14.09.2023;Philipp;FGW;Rafael;Simon;6;1
14.09.2023;FGW;Simon;Philipp;Rafael;4;6
14.09.2023;Rafael;FGW;Simon;Jacques;6;4
14.09.2023;Simon;Rafael;FGW;Jacques;4;6
14.09.2023;Jacques;Rafael;Simon;FGW;4;6
14.09.2023;Rafael;FGW;Simon;Marcus;5;6
14.09.2023;Rafael;Rafael;Marcus;Marcus;4;6
15.09.2023;Marcus;Svenja;Simon;Jacques;6;4
15.09.2023;Rafael;Marcus;Svenja;Jacques;6;4
15.09.2023;Svenja;Rafael;Jacques;Marcus;6;3
15.09.2023;Marcus;Marcus;Rafael;Jacques;6;5
18.09.2023;Rafael;Marcus;Svenja;Simon;6;3
18.09.2023;Svenja;Marcus;Simon;Rafael;2;6
18.09.2023;Rafael;Svenja;Simon;Marcus;6;5
19.09.2023;Rafael;Jacques;Philipp;Svenja;6;4
19.09.2023;Philipp;Rafael;Jacques;Svenja;6;1
19.09.2023;Svenja;Rafael;Philipp;Jacques;4;6
20.09.2023;FGW;Jacques;Svenja;Marcus;6;3
20.09.2023;Svenja;FGW;Rafael;Marcus;6;3
20.09.2023;Svenja;Rafael;Marcus;FGW;3;6
20.09.2023;Rafael;Jacques;Simon;Svenja;3;6
20.09.2023;Rafael;FGW;Marcus;Svenja;5;6
20.09.2023;Simon;Marcus;FGW;Svenja;6;3
20.09.2023;Simon;Marcus;Svenja;Arne;6;1
20.09.2023;Arne;Simon;Marcus;Svenja;6;5
21.09.2023;Simon;Rafael;Svenja;Marcus;3;6
21.09.2023;Marcus;Marcus;Simon;Simon;6;4
21.09.2023;Marcus;Marcus;Rafael;Rafael;6;4
22.09.2023;Svenja;Rafael;Simon;Marcus;2;6
22.09.2023;Rafael;Marcus;Simon;Svenja;6;0
22.09.2023;Simon;Rafael;Svenja;Marcus;4;6
22.09.2023;Rafael;Marcus;Svenja;Simon;6;5
25.09.2023;Severin;Rafael;Paulina;Svenja;6;3
25.09.2023;Severin;Svenja;Rafael;Paulina;6;1
25.09.2023;Philipp;Rafael;Simon;FGW;3;6
25.09.2023;Severin;Simon;Rafael;FGW;6;3
25.09.2023;Simon;Rafael;Severin;FGW;0;6
25.09.2023;Severin;Rafael;FGW;Svenja;5;6
25.09.2023;Rafael;FGW;Severin;Svenja;6;3
25.09.2023;Severin;Svenja;FGW;Simon;6;4
25.09.2023;FGW;Severin;Simon;Svenja;1;6
25.09.2023;Severin;Simon;Svenja;FGW;5;6
26.09.2023;FGW;FGW;Severin;Severin;6;2
26.09.2023;FGW;Rafael;Severin;Philipp;6;3
26.09.2023;Svenja;FGW;Severin;Simon;6;1
26.09.2023;Simon;Svenja;Severin;FGW;5;6
26.09.2023;Severin;Rafael;Svenja;FGW;3;6
26.09.2023;Severin;Severin;Marcus;Marcus;2;6
26.09.2023;Rafael;Rafael;Severin;Severin;6;3
26.09.2023;Severin;Severin;Rafael;Rafael;5;6
26.09.2023;Simon;Rafael;Severin;Marcus;4;6
26.09.2023;Rafael;Marcus;Severin;FGW;3;6
26.09.2023;Severin;Rafael;Philipp;FGW;1;6
27.09.2023;Svenja;FGW;Marcus;Jacques;6;5
27.09.2023;Marcus;Svenja;FGW;Jacques;5;6
27.09.2023;FGW;Marcus;Svenja;Jacques;6;1
27.09.2023;Svenja;FGW;Simon;Marcus;6;3
27.09.2023;Jacques;Simon;Svenja;Marcus;2;6
27.09.2023;Simon;Svenja;FGW;Marcus;1;6
28.09.2023;Rafael;Zayan;Julius;Jacques;2;6
28.09.2023;Rafael;Julius;Jacques;Zayan;6;1
28.09.2023;Julius;Zayan;Rafael;Jacques;5;6
29.09.2023;Rafael;Marcus;Simon;Julius;6;4
29.09.2023;Rafael;Julius;Marcus;Jacques;4;6
01.10.2023;Rafael;Rafael;Marcus;Marcus;4;6
06.10.2023;Julius;Yaser;Rafael;Shakoor;6;2
06.10.2023;Shakoor;Julius;Rafael;Yaser;3;6
11.10.2023;Rafael;Yaser;Shakoor;Paulina;6;2
11.10.2023;Rafael;Shakoor;Paulina;Yaser;6;1
11.10.2023;Simon;Yaser;Paulina;Rafael;3;6
11.10.2023;Rafael;Yaser;Paulina;Simon;6;5
11.10.2023;Simon;Rafael;Julius;Yaser;6;2
11.10.2023;Julius;Rafael;Simon;Yaser;6;1
11.10.2023;Simon;Julius;Rafael;Yaser;6;4
12.10.2023;Julius;Rafael;Svenja;Yaser;6;2
12.10.2023;Julius;Svenja;Rafael;Yaser;6;3
12.10.2023;Svenja;Rafael;Julius;Yaser;6;2
12.10.2023;Paulina;Paulina;Rafael;Rafael;5;6
12.10.2023;Rafael;Rafael;Paulina;Paulina;6;3
12.10.2023;Paulina;Paulina;Rafael;Rafael;4;6
13.10.2023;Rafael;Shakoor;Svenja;Simon;6;4
13.10.2023;Rafael;Svenja;Simon;Shakoor;6;0
13.10.2023;Svenja;Shakoor;Simon;Rafael;2;6
16.10.2023;Paul2;Yaser;Rafael;Paulina;3;6
16.10.2023;Paulina;Paul2;FGW;Yaser;6;5
16.10.2023;Rafael;Paul2;Paulina;FGW;6;1
16.10.2023;Camilla;Simon;Cornelius;FGW;6;2
16.10.2023;FGW;Camilla;Simon;Cornelius;6;2
16.10.2023;FGW;Simon;Cornelius;Camilla;6;2
16.10.2023;Camilla;Camilla;Simon;Simon;6;3
16.10.2023;Simon;Simon;Camilla;Camilla;4;6
17.10.2023;Rafael;Camilla;Svenja;Paul2;4;6
17.10.2023;Svenja;Camilla;Rafael;Paul2;6;5
17.10.2023;Svenja;Rafael;Paul2;Camilla;6;1
17.10.2023;Simon;Rafael;Svenja;Paul2;5;6
17.10.2023;Simon;Rafael;Julius;Amal;6;4
17.10.2023;Simon;Rafael;Julius;FGW;2;6
17.10.2023;Simon;FGW;Rafael;Paul1;6;5
17.10.2023;Rafael;FGW;Paul1;Simon;6;4
17.10.2023;Svenja;Rafael;Camilla;Simon;5;6
17.10.2023;Rafael;Camilla;Svenja;Simon;6;3
17.10.2023;Svenja;Camilla;Rafael;Simon;6;1
18.10.2023;Paul1;Rafael;Julius;FGW;4;6
18.10.2023;JonasBertgen;Paul1;Rafael;Amal;6;4
18.10.2023;Rafael;Paul1;FGW;JonasBertgen;4;6
18.10.2023;FGW;Paul1;JonasBertgen;Rafael;6;2
18.10.2023;JonasBertgen;Rafael;Simon;Paul1;2;6
18.10.2023;Simon;Rafael;Paul1;JonasBertgen;5;6
19.10.2023;Paul1;Rafael;Julius;FGW;4;6
19.10.2023;JonasBertgen;Paul1;Rafael;Amal;6;4
19.10.2023;Rafael;Paul1;FGW;JonasBertgen;4;6
19.10.2023;FGW;Paul1;JonasBertgen;Rafael;6;2
19.10.2023;JonasBertgen;Rafael;Simon;Paul1;2;6
19.10.2023;Simon;Rafael;Paul1;JonasBertgen;5;6
19.10.2023;Paul1;Paul1;Simon;Simon;6;4
19.10.2023;Camilla;Camilla;Simon;Simon;6;1
19.10.2023;Paul1;Paul1;Camilla;Camilla;6;5
19.10.2023;Simon;Simon;Camilla;Camilla;1;6
19.10.2023;Camilla;Camilla;Simon;Simon;6;1
19.10.2023;Simon;Simon;Paul1;Paul1;6;4
24.10.2023;Svenja;Paul2;Rafael;FGW;0;6
24.10.2023;Svenja;FGW;Rafael;Paul2;6;5
24.10.2023;Paul2;Jacques;Svenja;Rafael;0;6
24.10.2023;Rafael;Paul2;FGW;Jacques;3;6
25.10.2023;Rafael;Jacques;Svenja;Simon;3;6
25.10.2023;Svenja;Jacques;Simon;Rafael;6;3
25.10.2023;Simon;Rafael;Paul2;FGW;6;5
25.10.2023;FGW;Rafael;Simon;Paul2;3;6
25.10.2023;FGW;Simon;Rafael;Paul2;6;4
26.10.2023;Rafael;Shakoor;Paul2;Jacques;2;6
26.10.2023;Rafael;Jacques;Shakoor;Paul2;6;1
26.10.2023;Paul2;Rafael;Shakoor;Jacques;6;1
26.10.2023;FGW;Jacques;Rafael;Paul1;6;4
26.10.2023;Paul1;FGW;Rafael;Jacques;6;2
26.10.2023;FGW;Rafael;Paul1;Jacques;6;3
27.10.2023;Rafael;Jacques;Julius;Paul2;6;2
27.10.2023;Rafael;Julius;Paul2;Jacques;5;6
27.10.2023;Julius;Jacques;Paul2;Rafael;6;2
27.10.2023;Rafael;Jacques;Paul2;Julius;6;3
27.10.2023;Julius;Jacques;Rafael;Paul2;6;4
27.10.2023;Rafael;Jacques;Julius;Sebi;4;6
30.10.2023;Severin;Rafael;Paul1;Jacques;3;6
30.10.2023;Rafael;Jacques;Severin;Paul1;3;6
30.10.2023;Severin;Jacques;Rafael;Paul1;1;6
30.10.2023;Severin;Rafael;Julius;Zayan;2;6
30.10.2023;Severin;Julius;Rafael;Zayan;6;2
30.10.2023;Rafael;Jacques;Paul1;Severin;1;6
30.10.2023;Severin;Rafael;Paul1;Jacques;6;3
31.10.2023;Rafael;Rafael;Severin;Severin;6;3
31.10.2023;Severin;Severin;Rafael;Rafael;3;6
31.10.2023;Severin;Severin;Jacques;Jacques;6;4
31.10.2023;Severin;Rafael;Paul1;Jacques;4;6
31.10.2023;Severin;Paul1;Rafael;Jacques;3;6
31.10.2023;Rafael;Paul1;Severin;Jacques;6;3
02.11.2023;Svenja;Marcus;Paul2;Paul1;6;3
02.11.2023;Svenja;Paul1;Paul2;Marcus;3;6
02.11.2023;Rafael;Paul2;Svenja;Paul1;5;6
02.11.2023;Marcus;Marcus;Paul1;Paul1;6;4
03.11.2023;Simon;Rafael;Severin;Svenja;3;6
03.11.2023;Severin;Simon;Marcus;Svenja;2;6
03.11.2023;Severin;Marcus;Simon;Svenja;6;2
03.11.2023;Simon;Marcus;Severin;Svenja;6;2
03.11.2023;Marcus;Marcus;Severin;Severin;6;2
03.11.2023;Severin;Simon;Marcus;Severin;2;6
03.11.2023;Severin;Svenja;Simon;Marcus;4;6
03.11.2023;Marcus;Svenja;Simon;Severin;6;1
06.11.2023;Rafael;Paul1;Severin;Paul2;6;3
06.11.2023;Severin;Paul1;FGW;Paul2;6;4
06.11.2023;Rafael;FGW;Paul1;Paul2;6;2
06.11.2023;FGW;Severin;Rafael;Paul2;3;6
06.11.2023;Severin;Rafael;Paul1;FGW;6;5
06.11.2023;Severin;Severin;Paul1;Paul1;0;6
06.11.2023;Severin;FGW;Svenja;Paul1;2;6
06.11.2023;Severin;Rafael;Svenja;FGW;4;6
06.11.2023;Severin;Paul2;Svenja;Paul1;6;2
06.11.2023;FGW;Paul1;Severin;Simon;6;4
06.11.2023;FGW;Rafael;Severin;Simon;6;4
06.11.2023;Severin;Rafael;Simon;FGW;1;6
06.11.2023;FGW;Severin;Rafael;Simon;5;6
07.11.2023;Rafael;Paul2;JonasPleyer;Svenja;2;6
07.11.2023;Severin;Jacques;Marcus;Svenja;3;6
07.11.2023;Marcus;Jacques;Severin;Svenja;2;6
07.11.2023;Severin;Marcus;Svenja;Jacques;3;6
07.11.2023;Severin;Rafael;FGW;Jacques;6;4
07.11.2023;Severin;Jacques;Rafael;FGW;6;4
07.11.2023;Severin;Rafael;Marcus;Jacques;6;1
07.11.2023;FGW;Jacques;Severin;Marcus;3;6
07.11.2023;FGW;Mio;Marcus;Severin;5;6
08.11.2023;Severin;Severin;Paul1;Paul1;6;5
08.11.2023;Severin;Rafael;Paul2;Paul1;6;4
08.11.2023;Rafael;Paul1;Severin;Paul2;6;4
08.11.2023;Paul2;Rafael;Severin;Paul1;0;6
08.11.2023;Severin;Paul1;Rafael;FGW;6;1
08.11.2023;Rafael;Paul1;Severin;FGW;2;6
08.11.2023;Severin;Rafael;Paul1;FGW;3;6
08.11.2023;Simon;Simon;Severin;Severin;4;6
08.11.2023;Severin;Severin;Paul1;Paul1;5;6
08.11.2023;Simon;Paul1;Julius;FGW;5;6
08.11.2023;Julius;Paul1;Simon;FGW;1;6
09.11.2023;Paul2;Jacques;Svenja;FGW;2;6
09.11.2023;Rafael;Marcus;Julius;FGW;6;2
09.11.2023;Rafael;FGW;Julius;Marcus;6;3
09.11.2023;FGW;Marcus;Rafael;Julius;6;3
09.11.2023;Severin;Paul1;FGW;Julius;5;6
09.11.2023;Severin;Svenja;Marcus;Paul1;6;0
09.11.2023;Marcus;Paul1;Severin;Svenja;2;6
13.11.2023;Paul2;FGW;Severin;Rafael;5;6
13.11.2023;Rafael;FGW;Severin;Paul2;6;1
13.11.2023;Rafael;Paul2;Severin;FGW;6;5
13.11.2023;Svenja;Paul2;Rafael;FGW;1;6
13.11.2023;FGW;Svenja;Severin;Paul2;6;3
13.11.2023;Rafael;Marcus;Philipp;FGW;6;2
13.11.2023;Rafael;FGW;Philipp;Marcus;6;5
14.11.2023;Julius;Svenja;Severin;Rafael;6;2
14.11.2023;Severin;Julius;Rafael;Svenja;6;2
14.11.2023;Rafael;Julius;Severin;Svenja;6;2
14.11.2023;Mio;FGW;Paul2;Rafael;2;6
14.11.2023;Rafael;Paul2;Marcus;FGW;4;6
14.11.2023;Paul2;Marcus;Rafael;FGW;6;4
14.11.2023;Paul2;FGW;Rafael;Marcus;1;6
15.11.2023;Severin;Marcus;Svenja;FGW;4;6
16.11.2023;Rafael;Marcus;Paul2;Svenja;6;3
16.11.2023;Svenja;Paul1;Paul2;Marcus;6;4
16.11.2023;Marcus;Marcus;Paul2;Paul2;6;1
16.11.2023;Rafael;Rafael;Paul1;Paul1;5;6
17.11.2023;Paul1;Paul1;Paul2;Paul2;6;3
17.11.2023;Paul1;Marcus;Paul2;Rafael;6;4
17.11.2023;Svenja;Marcus;Paul2;Paul1;6;4
17.11.2023;Paul2;Paul1;Rafael;Marcus;2;6
17.11.2023;Rafael;Paul1;Paul2;Marcus;4;6
17.11.2023;Marcus;Paul1;Rafael;Paul2;6;3
20.11.2023;Rafael;Rafael;Jakob;Jakob;2;6
20.11.2023;Rafael;Rafael;Laura;Laura;2;6
20.11.2023;Jakob;Jakob;Laura;Laura;6;0
20.11.2023;Rafael;Laura;Jakob;Jakob;6;5
20.11.2023;Rafael;Rafael;Laura;Jakob;2;6
20.11.2023;Rafael;Jakob;Laura;Laura;6;3
20.11.2023;Jakob;Jakob;Rafael;Laura;5;6
20.11.2023;Rafael;Laura;Jakob;Jakob;5;6
20.11.2023;Laura;Jakob;Rafael;Rafael;6;2
20.11.2023;Rafael;Jakob;Laura;Laura;6;1
20.11.2023;Rafael;Laura;Jakob;Jakob;5;6
20.11.2023;Rafael;Laura;Jakob;Jakob;6;3
20.11.2023;Rafael;Rafael;Jakob;Laura;1;6
20.11.2023;Rafael;Jakob;Laura;Laura;6;1
20.11.2023;Jakob;Jakob;Rafael;Laura;2;6
20.11.2023;Rafael;Rafael;Laura;Laura;6;0
20.11.2023;Jakob;Jakob;Laura;Laura;6;4
20.11.2023;Jakob;Jakob;Rafael;Rafael;5;6
20.11.2023;Laura;Rafael;Jakob;Jakob;5;6
21.11.2023;Jacques;Paul1;FGW;Marcus;3;6
21.11.2023;Marcus;Jacques;FGW;Paul1;6;2
21.11.2023;FGW;Jacques;Paul1;Marcus;5;6
21.11.2023;Paul1;FGW;Rafael;Marcus;4;6
21.11.2023;Rafael;Paul1;FGW;Jacques;4;6
21.11.2023;Rafael;FGW;Paul1;Jacques;6;5
22.11.2023;Severin;Rafael;FGW;Jacques;6;3
22.11.2023;Rafael;Jacques;Severin;FGW;3;6
22.11.2023;Marcus;Mio;Rafael;Jacques;6;0
23.11.2023;Philipp;Marcus;FGW;Jacques;6;4
23.11.2023;Svenja;Paul1;Rafael;FGW;4;6
23.11.2023;Rafael;Paul1;FGW;Svenja;1;6
23.11.2023;Svenja;Rafael;FGW;Paul1;2;6
24.11.2023;Rafael;Paul1;Marcus;Mio;6;0
24.11.2023;Rafael;Marcus;Paul1;Mio;6;1
27.11.2023;Rafael;FGW;Paul2;Paul1;6;1
27.11.2023;FGW;Paul1;Rafael;Paul2;6;4
27.11.2023;Rafael;Paul1;Paul2;FGW;6;2
28.11.2023;Paul2;FGW;Rafael;Marcus;3;6
28.11.2023;Rafael;FGW;Paul2;Marcus;6;5
28.11.2023;FGW;Marcus;Rafael;Paul2;6;0
29.11.2023;Marcus;Paul2;Rafael;Paul1;5;6
29.11.2023;Marcus;Paul1;Paul2;Rafael;6;5
29.11.2023;Marcus;Rafael;Paul2;Paul1;6;5
29.11.2023;Paul2;Paul1;Jacques;Marcus;6;5
29.11.2023;Rafael;Rafael;Marcus;Marcus;6;5
29.11.2023;Marcus;Marcus;Rafael;Rafael;6;4
30.11.2023;Paul2;Rafael;FGW;Jacques;3;6
30.11.2023;Rafael;Jacques;Paul2;FGW;4;6
30.11.2023;Rafael;FGW;Paul2;Jacques;6;1
01.12.2023;Julius;Jacques;Paul2;Rafael;5;6
01.12.2023;Rafael;Jacques;Julius;Paul2;2;6
07.12.2023;Rafael;Paul1;Severin;Jacques;6;1
07.12.2023;Svenja;Paul1;Severin;Jacques;5;6
07.12.2023;Paul1;Jacques;Severin;Svenja;1;6
07.12.2023;Rafael;Rafael;Paulina;Paulina;6;2
07.12.2023;Paulina;Paulina;Rafael;Rafael;1;6
07.12.2023;Rafael;Rafael;Paulina;Paulina;6;2
08.12.2023;Marcus;Marcus;Rafael;Rafael;5;6
08.12.2023;Severin;Rafael;Paul2;Svenja;6;5
08.12.2023;Rafael;Paul2;Severin;Svenja;6;5
13.12.2023;Paul2;Svenja;Rafael;FGW;3;6
13.12.2023;Paul2;Rafael;Svenja;FGW;1;6
13.12.2023;Rafael;Svenja;Paul2;FGW;6;5
14.12.2023;Severin;Svenja;Rafael;FGW;4;6
14.12.2023;Svenja;Paul2;Severin;FGW;6;3
14.12.2023;Severin;Paul2;FGW;Svenja;6;5
15.12.2023;Rafael;Rafael;Paulina;Paulina;6;3
15.12.2023;Paulina;Marcus;Rafael;Paul1;4;6
15.12.2023;Paul1;Marcus;Paulina;Rafael;6;5
15.12.2023;Paul2;Marcus;Rafael;Paul1;6;5
18.12.2023;Julius;Svenja;Simon;FGW;4;6
18.12.2023;FGW;Julius;Simon;Svenja;6;5
18.12.2023;Svenja;FGW;Julius;Simon;6;3
18.12.2023;Simon;FGW;Paul1;Marcus;6;5
18.12.2023;Paul2;Svenja;Jacques;Paul1;6;5
18.12.2023;Simon;Marcus;FGW;Svenja;1;6
19.12.2023;Severin;Jacques;FGW;Marcus;6;3
19.12.2023;Severin;Marcus;FGW;Jacques;6;2
19.12.2023;Rafael;Camilla;Marcus;Simon;6;3
19.12.2023;Simon;Camilla;Paul2;Marcus;3;6
19.12.2023;Marcus;Camilla;Simon;Paul2;6;1
19.12.2023;Simon;Camilla;Paul2;FGW;2;6
19.12.2023;Simon;FGW;Paul2;Camilla;2;6
20.12.2023;Julius;Marcus;Rafael;FGW;4;6
20.12.2023;FGW;Jacques;Marcus;Paul2;6;3
20.12.2023;Rafael;Marcus;Paul2;Jacques;6;3
20.12.2023;Marcus;Jacques;Rafael;FGW;3;6
21.12.2023;David;Paul2;FGW;Rafael;2;6
21.12.2023;Rafael;Paul2;FGW;David;6;1
21.12.2023;Rafael;David;Paul2;FGW;6;2
22.12.2023;Rafael;Rafael;FGW;FGW;6;4
04.01.2024;Marcus;Jacques;FGW;Amelie;2;6
04.01.2024;Jacques;FGW;Svenja;Marcus;4;6
05.01.2024;Svenja;Amelie;FGW;Marcus;1;6
05.01.2024;Marcus;Amelie;FGW;Svenja;6;2
05.01.2024;Amelie;FGW;Svenja;Marcus;2;6
09.01.2024;Paul2;Paul1;Severin;FGW;5;6
09.01.2024;Severin;Paul1;FGW;Paul2;1;6
09.01.2024;Severin;Paul2;Paul1;FGW;3;6
09.01.2024;FGW;Jacques;Marcus;Svenja;6;1
09.01.2024;Svenja;FGW;Jacques;Marcus;6;2
10.01.2024;Svenja;Jacques;Rafael;FGW;3;6
10.01.2024;FGW;Svenja;Rafael;Jacques;6;3
10.01.2024;FGW;Jacques;Svenja;Rafael;6;4
12.01.2024;Rafael;Marcus;FGW;Jacques;6;4
16.01.2024;Rafael;FGW;Marcus;Jacques;6;2
16.01.2024;Marcus;Paul1;FGW;Jacques;3;6
16.01.2024;FGW;Paul1;Rafael;Jacques;6;3
17.01.2024;Rafael;Marcus;Paul2;FGW;6;2
17.01.2024;Paul2;Marcus;Rafael;FGW;4;6
17.01.2024;FGW;Marcus;Paul2;Jacques;6;1
17.01.2024;Marcus;Jacques;Rafael;Paul2;4;6
17.01.2024;Rafael;Marcus;Paul2;FGW;6;4
17.01.2024;FGW;Jacques;Paul2;Marcus;2;6
18.01.2024;Rafael;Jacques;Paul2;Marcus;4;6
18.01.2024;Marcus;Jacques;Rafael;Paul2;0;6
18.01.2024;Paul2;Rafael;Jacques;Marcus;3;6
18.01.2024;Marcus;Rafael;Jacques;Paul2;6;2
19.01.2024;Jacques;Marcus;Paul2;Svenja;6;4
19.01.2024;Marcus;Svenja;Jacques;Paul2;4;6
22.01.2024;Svenja;Marcus;Rafael;Jacques;6;1
22.01.2024;Jacques;Marcus;Svenja;Rafael;4;6
23.01.2024;Rafael;Svenja;Jacques;FGW;6;4
23.01.2024;Rafael;Jacques;FGW;Svenja;6;2
23.01.2024;Svenja;Jacques;FGW;Rafael;3;6
23.01.2024;Svenja;FGW;Rafael;Marcus;6;3
23.01.2024;Rafael;FGW;Marcus;Paul2;6;2
23.01.2024;Rafael;Paul2;FGW;Marcus;2;6
23.01.2024;Paul2;FGW;Rafael;Marcus;6;5
24.01.2024;Viviane;Marcus;Rafael;Paul2;2;6
24.01.2024;Rafael;Viviane;Marcus;Paul2;3;6
24.01.2024;Rafael;Zayan;Marcus;Julius;2;6
24.01.2024;Julius;Zayan;Paul2;Marcus;3;6
24.01.2024;Marcus;Zayan;Julius;Rafael;1;6
25.01.2024;Rafael;Paul2;Julius;FGW;2;6
25.01.2024;Paul2;FGW;Rafael;Julius;4;6
25.01.2024;FGW;Rafael;Julius;Paul2;6;0
26.01.2024;Rafael;Zayan;Julius;Paul2;3;6
26.01.2024;Rafael;Paul2;Julius;Zayan;6;5
26.01.2024;Zayan;Paul2;Rafael;Julius;2;6
26.01.2024;Rafael;Svenja;FGW;Julius;0;6
26.01.2024;Svenja;Julius;FGW;Rafael;4;6
26.01.2024;FGW;Svenja;Julius;Rafael;3;6
29.01.2024;Paul2;FGW;Svenja;Rafael;6;5
29.01.2024;Svenja;FGW;Paul2;Rafael;6;2
29.01.2024;Svenja;Paul2;Rafael;FGW;1;6
30.01.2024;Marcus;FGW;Svenja;Jacques;6;1
30.01.2024;FGW;Svenja;Jacques;Marcus;6;1
30.01.2024;FGW;Jacques;Svenja;Marcus;2;6
31.01.2024;Rafael;Marcus;FGW;Jacques;6;2
01.02.2024;Jacques;FGW;Julius;Rafael;4;6
01.02.2024;Rafael;FGW;Jacques;Julius;6;2
01.02.2024;Rafael;Marcus;FGW;Julius;3;6
02.02.2024;Rafael;Malte;Jacques;Marcus;6;3
02.02.2024;Paul2;Marcus;Jacques;Rafael;6;3
08.02.2024;FGW;Camilla;Julius;Marcus;6;5
08.02.2024;FGW;Paul2;Marcus;Camilla;6;4
08.02.2024;FGW;Marcus;Paul2;Camilla;6;3
14.02.2024;Jacques;Marcus;Viviane;Rafael;6;3
14.02.2024;Viviane;Marcus;Rafael;Jacques;2;6
14.02.2024;Viviane;Jacques;Marcus;Rafael;0;6
26.02.2024;Jacques;Paul2;FGW;Rafael;2;6
26.02.2024;Rafael;Paul2;FGW;Jacques;5;6
26.02.2024;Paul2;FGW;Rafael;Jacques;6;4
27.02.2024;Rafael;Paul2;Simon;Svenja;6;3
29.02.2024;Svenja;Paul2;Rafael;FGW;2;6
29.02.2024;Rafael;Paul2;Svenja;FGW;1;6
29.02.2024;FGW;Paul2;Svenja;Rafael;3;6
04.03.2024;Paul2;FGW;Severin;Rafael;1;6
04.03.2024;Rafael;Paul2;Severin;Paul1;4;6
04.03.2024;Paul2;Paul1;FGW;Severin;6;5
04.03.2024;Rafael;FGW;Severin;Paul2;6;2
04.03.2024;FGW;Paul2;Severin;Svenja;6;1
04.03.2024;Svenja;Paul2;Severin;FGW;1;6
04.03.2024;FGW;Svenja;Paul2;Paul1;5;6
05.03.2024;Svenja;Paul2;Severin;Rafael;3;6
05.03.2024;Rafael;Svenja;Severin;Paul2;6;3
05.03.2024;Severin;Svenja;Rafael;Paul2;6;4
06.03.2024;Rafael;Svenja;Severin;Paul2;6;2
06.03.2024;Severin;Svenja;Rafael;Paul2;6;5
06.03.2024;Svenja;Paul2;Severin;Rafael;4;6
06.03.2024;Rafael;FGW;Severin;Paul2;6;2
06.03.2024;Rafael;Paul2;Severin;FGW;6;3
06.03.2024;FGW;Paul2;Severin;Rafael;6;4
07.03.2024;Svenja;Paul2;Severin;Rafael;3;6
07.03.2024;Rafael;Paul2;Severin;Svenja;2;6
07.03.2024;Svenja;Rafael;Severin;Paul2;5;6
11.03.2024;Severin;Paul2;FGW;Svenja;5;6
11.03.2024;Paul2;FGW;Svenja;Jacques;6;4
11.03.2024;Svenja;Jacques;Paul2;FGW;6;3
12.03.2024;Rafael;Marcus;FGW;Jacques;4;6
12.03.2024;Rafael;FGW;Svenja;Marcus;2;6
12.03.2024;Svenja;Rafael;FGW;Marcus;2;6
13.03.2024;Rafael;Paul2;Marcus;Jacques;6;5
13.03.2024;FGW;Paul2;Rafael;Jacques;6;5
14.03.2024;Svenja;FGW;Severin;Marcus;6;5
14.03.2024;Svenja;Marcus;Severin;FGW;6;4
14.03.2024;Severin;Svenja;Marcus;FGW;4;6
14.03.2024;Severin;Svenja;FGW;Rafael;2;6
14.03.2024;Marcus;Paul2;Severin;Rafael;5;6
14.03.2024;Rafael;Marcus;Severin;Jacques;6;3
15.03.2024;Rafael;Rafael;Severin;Severin;6;5
15.03.2024;Severin;Jacques;Marcus;Rafael;6;4
15.03.2024;Svenja;Jacques;Severin;Paul2;6;4
15.03.2024;Marcus;Paul2;Severin;Jacques;6;4
18.03.2024;Marcus;Marcus;Rafael;Paul2;1;6
19.03.2024;Marcus;Marcus;Rafael;Rafael;4;6
19.03.2024;Rafael;Paul2;Marcus;Paul1;2;6
19.03.2024;Paul1;Paul1;Marcus;Rafael;6;3
19.03.2024;Rafael;Marcus;Paul1;Paul1;6;2
19.03.2024;Rafael;Rafael;Marcus;Marcus;3;6
19.03.2024;Paul1;Paul1;Rafael;Rafael;6;5
19.03.2024;Marcus;Marcus;Paul1;Paul1;6;5
19.03.2024;Marcus;Marcus;Rafael;Rafael;2;6
19.03.2024;Rafael;Rafael;Paul1;Paul1;2;6
19.03.2024;Paul1;Paul1;Marcus;Marcus;4;6
19.03.2024;Paul1;Paul1;Marcus;Marcus;5;6
19.03.2024;Paul1;Paul1;Rafael;Rafael;6;1
19.03.2024;Marcus;Marcus;Paul1;Paul1;6;2
19.03.2024;Marcus;Marcus;Rafael;Rafael;6;4
20.03.2024;Katharina;Marcus;Severin;Rafael;1;6
20.03.2024;Rafael;Marcus;Severin;Katharina;6;3
20.03.2024;Rafael;Katharina;Marcus;Severin;5;6
20.03.2024;Marcus;Paul1;Severin;Rafael;6;5
20.03.2024;Paul1;Severin;Rafael;Marcus;5;6
20.03.2024;Rafael;Paul1;Severin;Marcus;6;5
20.03.2024;Paul1;Paul1;Severin;Severin;6;0
21.03.2024;Rafael;Marcus;Severin;Jacques;6;2
21.03.2024;Jacques;Marcus;Severin;Rafael;5;6
21.03.2024;Rafael;Jacques;Severin;Marcus;4;6
21.03.2024;Svenja;Marcus;Rafael;Paul1;6;3
21.03.2024;Svenja;Marcus;Severin;Paul1;6;5
25.03.2024;Rafael;JonasPleyer;Severin;FGW;4;6
25.03.2024;FGW;JonasPleyer;Severin;Rafael;6;2
25.03.2024;Rafael;FGW;Severin;JonasPleyer;6;0
25.03.2024;Rafael;Paul1;Severin;FGW;6;5
25.03.2024;FGW;Paul1;Severin;Rafael;6;2
25.03.2024;Rafael;FGW;Severin;Paul1;6;2
26.03.2024;Severin;Severin;Paul1;Paul1;6;3
26.03.2024;Paul1;Paul1;Severin;Severin;5;6
04.04.2024;Jacques;FGW;Julius;Rafael;5;6
04.04.2024;Rafael;Jacques;FGW;Julius;6;5
04.04.2024;Julius;Jacques;Rafael;FGW;3;6
08.04.2024;Marcus;Marcus;Severin;Severin;6;2
08.04.2024;Rafael;FGW;Severin;Marcus;5;6
08.04.2024;Rafael;Marcus;Severin;FGW;2;6
08.04.2024;Marcus;FGW;Severin;Rafael;6;4
08.04.2024;Marcus;Marcus;Rafael;Rafael;6;4
08.04.2024;Marcus;Marcus;Severin;Severin;6;4
08.04.2024;Severin;Severin;FGW;FGW;4;6
08.04.2024;FGW;FGW;Marcus;Marcus;6;5
10.04.2024;Julius;Marcus;Severin;FGW;2;6
10.04.2024;FGW;Julius;Severin;Marcus;4;6
10.04.2024;FGW;Marcus;Severin;Julius;6;2
10.04.2024;Marcus;Marcus;Severin;Severin;6;1
10.04.2024;Marcus;Marcus;Rafael;Rafael;2;6
10.04.2024;Severin;Severin;Rafael;Rafael;1;6
10.04.2024;Marcus;Marcus;Severin;Severin;4;6
11.04.2024;Marcus;Marcus;FGW;FGW;6;4
12.04.2024;Marcus;Marcus;Severin;Severin;5;6
12.04.2024;Rafael;Paul2;Severin;Marcus;4;6
12.04.2024;Paul2;Marcus;Severin;Rafael;5;6
12.04.2024;Marcus;Rafael;Severin;Paul2;6;3
15.04.2024;FGW;FGW;Severin;Severin;2;6
15.04.2024;Severin;Severin;FGW;FGW;3;6
15.04.2024;Severin;Severin;Marcus;Marcus;4;6
15.04.2024;Marcus;Marcus;Severin;Severin;6;4
15.04.2024;FGW;Jacques;Severin;Marcus;6;4
15.04.2024;FGW;Katharina;Severin;Rafael;2;6
15.04.2024;Rafael;Jacques;Severin;FGW;2;6
15.04.2024;Rafael;FGW;Severin;Marcus;6;1
15.04.2024;FGW;FGW;Severin;Severin;6;1
16.04.2024;FGW;Jacques;Severin;Marcus;4;6
16.04.2024;Jacques;FGW;Severin;Rafael;6;5
16.04.2024;Rafael;Jacques;Severin;FGW;1;6
16.04.2024;Rafael;FGW;Severin;Jacques;6;3
16.04.2024;FGW;Marcus;Severin;Rafael;6;2
16.04.2024;Severin;Malte;Rafael;FGW;4;6
16.04.2024;FGW;Severin;Rafael;Marcus;3;6
16.04.2024;Paul1;FGW;Severin;Marcus;2;6
17.04.2024;FGW;FGW;Marcus;Marcus;6;5
17.04.2024;Severin;Severin;Marcus;Marcus;5;6
17.04.2024;Marcus;Jacques;Severin;Rafael;6;4
18.04.2024;FGW;Jacques;Severin;Marcus;6;3
18.04.2024;Marcus;FGW;Severin;Jacques;6;4
18.04.2024;Jacques;Marcus;FGW;Severin;4;6
18.04.2024;Marcus;Jacques;Rafael;FGW;6;2
18.04.2024;FGW;Jacques;Rafael;Marcus;6;5
18.04.2024;Rafael;Jacques;Marcus;FGW;5;6
18.04.2024;FGW;Marcus;Severin;Rafael;5;6
18.04.2024;Rafael;Marcus;Severin;FGW;2;6
18.04.2024;Rafael;Jacques;FGW;Severin;3;6
18.04.2024;Severin;Jacques;FGW;Rafael;1;6
18.04.2024;FGW;Jacques;Severin;Rafael;6;2
19.04.2024;Severin;Leonard;FGW;Jacques;6;4
22.04.2024;Severin;Severin;Rafael;Rafael;6;2
22.04.2024;Rafael;Rafael;Severin;Severin;6;1
22.04.2024;Severin;Severin;Rafael;Rafael;3;6
22.04.2024;Rafael;Rafael;Severin;Severin;6;3
22.04.2024;Severin;Severin;Rafael;Rafael;6;5
